{
  "persons" : [ {
    "name" : "Alex Yeoh",
    "phone" : "87438807",
    "email" : "alexyeoh@example.com",
    "address" : "Blk 30 Geylang Street 29, #06-40",
    "goal" : "Lose 5kg",
    "height" : "170",
    "weight" : "69.5",
    "age" : "25",
    "gender" : "male",
    "deadline" : "2025-11-15",
    "paid" : "false",
    "session" : "WEEKLY:MON-0800-0900",
    "bodyfat" : "30.0",
    "tags" : [ "friends" ]
  }, {
    "name" : "Bernice Yu",
    "phone" : "99272758",
    "email" : "berniceyu@example.com",
    "address" : "Blk 30 Lorong 3 Serangoon Gardens, #07-18",
    "goal" : "Lose 5kg",
    "height" : "165",
    "weight" : "55.0",
    "age" : "28",
    "gender" : "female",
    "deadline" : "2025-11-15",
    "paid" : "true",
    "session" : "WEEKLY:TUE-0900-1000",
    "bodyfat" : "30.0",
    "tags" : [ "colleagues", "friends" ]
  }, {
    "name" : "Charlotte Oliveiro",
    "phone" : "93210283",
    "email" : "charlotte@example.com",
    "address" : "Blk 11 Ang Mo Kio Street 74, #11-04",
    "goal" : "Lose 5kg",
    "height" : "160",
    "weight" : "48.0",
    "age" : "22",
    "gender" : "female",
    "deadline" : "2025-11-15",
    "paid" : "false",
    "session" : "WEEKLY:WED-1000-1100",
    "bodyfat" : "30.0",
    "tags" : [ "neighbours" ]
  }, {
    "name" : "David Li",
    "phone" : "91031282",
    "email" : "lidavid@example.com",
    "address" : "Blk 436 Serangoon Gardens Street 26, #16-43",
    "goal" : "Lose 5kg",
    "height" : "175",
    "weight" : "70.0",
    "age" : "30",
    "gender" : "male",
    "deadline" : "2025-11-15",
    "paid" : "false",
    "session" : "WEEKLY:THU-1100-1200",
    "bodyfat" : "30.0",
    "tags" : [ "family" ]
  }, {
    "name" : "Irfan Ibrahim",
    "phone" : "92492021",
    "email" : "irfan@example.com",
    "address" : "Blk 47 Tampines Street 20, #17-35",
    "goal" : "Lose 5kg",
    "height" : "180",
    "weight" : "85.0",
    "age" : "26",
    "gender" : "male",
    "deadline" : "2025-11-15",
    "paid" : "true",
    "session" : "WEEKLY:FRI-1200-1300",
    "bodyfat" : "30.0",
    "tags" : [ "classmates" ]
  }, {
    "name" : "Roy Balakrishnan",
    "phone" : "92624417",
    "email" : "royb@example.com",
    "address" : "Blk 45 Aljunied Street 85, #11-31",
    "goal" : "Lose 5kg",
    "height" : "172",
    "weight" : "68.0",
    "age" : "24",
    "gender" : "male",
    "deadline" : "2025-11-15",
    "paid" : "false",
    "session" : "WEEKLY:SAT-1300-1400",
    "bodyfat" : "30.0",
    "tags" : [ "colleagues" ]
  } ]
}